word,meaning
Majestic,it used to express beautiful and impressive things
Sketchy,"unreliable , unsafe"
Brutal,"it’s like to be extremely harsh , cold-blodded , very bad unpleasant"
Kiosk,"it’s small computer terminal used for selling gods , providing informations , it’s like self-service function"
Chill,"clammy , peacefully"
Pebble,it’s a flat stone or rock the used to play throwing on the river
River bank,"it’s the side of the river where we stand ,not in the river"
Couch,sofa
Sealed,box sealed with tape
Tear,to tear open
To return,to send back
Pile,recycle boxes
Drizzle,small amount of rain
Uproot,when trees root gets out upward
Bench,long seat like park bench
Varnish,protected liquid for woods or painting
Backrest,a bench which has back support
Carve,when Peoples write or draw on wood
Elk,It’s large species that found in North America and east asia
Rain Jacket,a jacket which is designed not to get wet
Replica,a copy of an object
Boathouse,"a building that are located at the edge of the water like lake or river , which is used for storing boats"
Stilt,allows a building to stand above the water
Canoe,long light narrow boat pointed ends and curved sides that is moved by paddle
Kayak,a small narrow boat which propelled by doubled-bladed paddle
Tire,rubber part of car tire
Wheel,metal part that found inside a tire
Hook,curved metal shape used for pull
Hood,a cover part of car engine
Steering wheel,used to control a vehicle direction
Gear Shifter,found on manual car that used to change a gear
Wind shield,front mirror of a car
side mirror,side mirror of a car
Rear view mirro,r - a mirror that found in a car used to watch a back view
sun visor,used for to cover light toward to our face in a car
sun roof,opening roof on vehicle used for allow a fresh air in and out
honk,used for to beep a car
headrest,car set which has head support
Trunk bed(box),back open part of pick up trunk
Lift off,when a plane take off or off from the land
Breathtaking view,most beautiful
To board,the last step to get int to the air craft
Overhead bin,a box in plane which used for pack bags
Terminal,waiting place in air port (main building at airport )
Baggage claim,area with in airport where passengers take their checked bags
Glimpse,partial view (momentary)
Personal item,smaller than cary on bags
Back packs,bag that carry on back by two shoulder strap
Raining cats and dog(idiom),heavy rain with storm and wind
Pack up,collecting items
Unpacking,take out pack items
Deflating,to lose air or gas to make something smaller
Put out,"extinguishing the fire , to publish informations"
Ember,glowing fragment of smoldering coal or wood
Wheel chocks,used to prevent accidental movement of a car
Level,to check if it’s balanced
Riding lawn mower,a riding used for cut grass
To mow,cut down a grass with machine
Leftover,a food that left from a previous
To wag(tail),when dogs show their happiness
Toast,to make it hard fire
Poultry,"chicken products like meat , egg . . ."
Processed,converted from a natural state by subjecting in to a special process
Checking out,"Registering items , paying bills"
Bunk beds,a bed frame that one bed stacked on the top of another
Enormous,very large in size
Museum,historical place
Bulk,large quantity of something
Symmetrically,aligned
Subway station,"a train station where passengers buy tickets , board , exit train"
Subway car,a passengers vehicle which large number of people transport
Garbage truck,it’s a truck for collecting garbage
Sea of people,lot of peoples
Wristband,"circular band worn around the wrist for fashion , security"
Roller coaster,a park ride that go through many sudden or extreme changes in a short time
Carriage,wheeled vehicle that commonly drawn by horse
Monarch,highest authority and power in the state
Backyard,back garden
Brisk,"quick and energetic , cool breeze"
Choppy,"sea , lake or river having many small waves"
Foam,a substance with so many tiny air bubbles
Hot spring,heated ground water on the earth surface
Paw print,the mark left by the foot of an animals
Over pass,it’s a bridge
Kindling,small stick used for lighting fires
S’mores,toasted marshmallow between a piece of chocolate
Spot on,accurate or correct
Shorts,short trousers that reach only knees
Thorn,"sharp ,pointed growth on the plants"
take a hike,"go a way , get out"
off the beaten path,away from usual path
picture perfect,beautiful
crack,to break
to beat egg,mix the yolk and the white with fork
to scrap,to remove something with the sharp tool
cool down,"make it cold , to become less hot"
lactose intolerant,inability to fully digest lactose(sugar products)
cloths line,a wire the used to hang clothes to dry
sarcasm,to use words that mean opposite to what you really want to say
topping,layer of food over a base
condiments,a substance used to add a flavor to food
broom(broom stick),a cleaning tool used for to clean dust and ash
Horizon,the line at which earth surface and the sky appear to meet
Ditch,it’s a dud at side of road to hold or carry away water
Shoreline,a line a large body of water meet the land
Dock,a structure for boats
Anchored,to make something stay in one position
Life jacket,use for to float on the water
Utesils,tools used for food preparation
Cactus,a plant where mostly found in desert areas
To feed,to give food
Pond,"small body of water , that can be natural or man-made"
Leak,loss something through hole
Rooftop,the outer surface of building roof
Stable,not easily overturn or upset
Hammock,"used for sleeping , swinging or resting"
Ceiling,upper interior surface of a room
Flycatcher,"it’s like tape ,but used for catch flies"
To wipe,to clean
Go with the flow,accepting things as they happens
Out of the woods,to be no longer in danger
Fold,to bend something one part lies on top of another
Hop in,to get in
Drain,"water run out , leaving it empty"
Bathtub,large bath container to take shower
Scalp,top of head where hair grows
Comb,hair tool
Dry off,remove Moisture
Scrunching,hair styling technique for wavy and curly hair
To dab,touch something with quick
Squeaky,clean
Bath mat,absorb water from the bathroom floor
Bring up,comes with new idea
Carry on,continue doing something
Deal with,to handle l or manage something
Find out,discover a fact
Hold on,wait
Ran into,"collide with something , encounter a difficulty or a problem"
Turn me off,lose appetite
Cut down,stop
Cut off,interrupt something
Show up,appears unexpectedly
Play ground,a place where kids play
Wetsuit,a waterproof garment that is worn by divers to keep them warm in cold water
Pier,a raised structure that rises above the body of water
Sea lion,🦭
Woven,create something from particular material through weaving
Cone,hand part of ice cream
Shade,darkness created by a blocking of light
Stub,accidentally strike (one’s toe) against something
Inflated,puffed up excessively
Hit the road,to leave a place or to start a journey
Kick back and relax,stop working and enjoy yourself
Cost an arm and legs,it’s too expensive
Once in the blue moon,do something once in while
Call it a day,agree to stop doing something
Pedal to the meal,make it fast
Have a sweet tooth,when someone strongly like sweet foods
Let my self go,neglecting self care
Hit  the hey,go to bed
Bug,small insects
Fence,it’s a boundaries or a barrier to keep area secure
Tame,domesticated animal that are not dangerous
Vibrant,"bright , full of energy"
Faded,having lost brightness
Round up,to gather animal together
Chase out,force someone to leave
Pail,a cylindrical container with handle
Fire pit,designed to contain fire and prevent it to spread
Gazebo,free standing roof structure found in garden or park
To pedal,to ride a bicycle
Garden,outdoor space for growing plants
Knotted up,things get stuck each other
Flock,number of birds traveling together in V shape
Escalator,continues moving staircase
Car Boot,storage space in car
Flip flops,a light shoe
Beanie,close fitting cape
Soft toys,fabric toys filled with soft material
Dust pan,used to collect dusts
Mop,a cleaning tool for floor
Pillow,soft support for the head during rest or sleep
Bare foot,walking or standing without wearing any shoes
Sun glass,a glass used for protect our eyes bright sunlight
Abandoned,"left behind , a place where nobody lives"
Sea shell,protective outer layer made by marine animals
Soaring,flying high in the air
Surf board,used for riding waves
Quad bike,"a vehicle used on beaches , deserts"
Inflatable,an object designed to be filled with gas(air)
Canned,a food or a drink that is preserved in sealed can.
Cereal,a breakfast food that is eat with milk
Ripe,a food or grain that is developed to the point of readiness for harvest and eating.
Vacuum seal,it’s a method of packing removing oxygen from the bags.
Chop,to cut into the pieces with heavy blows from a sharp tool
Luggage,bags suitcases
Trampoline,allows a person to jump high
Hanger,it’s used to hang clothes
Intake form,it’s standard Questionnaires to collect essential Client information
Ear Muffs,padded covering for ear used for cold weather and hearing protection
Underpass,tunnel passing under railway or road
Pad lock,portable lock
Fairly lights,small LED bubbles
Theater,collaborative art form using live actors
Yapping,talking too much
Drip,cool stylish flashy outfit
No cap,no lie
Slay,"to do something really well , achieve a great success in a work"
Main gate,"a primary , secure and stylish entrance for the property"
Bulletin board,a surface for intended posting messages
Merch,a product that we can buy and wear that represent a thing
Lounge,a room of relaxation and socializing
Adore,to love or respect someone deeply
Expats,people living in a country that is not their own
Baling,living well or spending a lot money
HIgh rise,building which has many floors
Metabolism,body functionality that convert food in energy
Head out,to leave or out from a place
Nuisance,a person or a thing causing annoyance
Citus,a fruit from citrus trees
Tore,to rip or pull part of something
Stocking up,purchasing a large quantity
Pod,a container for seed
Tree Trunk,the thick or main part of tree
Under pass,a road or a highway that passes through under a road
Legend,description or explanation of symbols on a map
Gazebo,an open air structure building
Chirp,high pitched sound made by birds
Beani,head cap
Glimpse,see something for short period of time
Pier,"a structure that built on the top of water , used for walk ,boat dock"
Soaring,flying up high
Surfboard,used to ride on water waves
Long padding,ankle to knee winterjacket
Vibe,it’s emotional energy or mood
Tourist Trap,tourist attraction areas
Let’s bounce,let’s go or it’s time to leave
Base layer,piece of cloth to stay warm and dry
Rustling (rustle),"soft sound produced by leaves , paper .."
Concrete Jungle,urban area a lot of buildings
Rejuvenating,having the effect of restoring
Leaf blower,used for blowing leaves
Quiet,used to describe something or someone that makes little noise
Quite,adverb of quiet to express to some degree
Peckish,slightly hungry
Dig in,start to eat
Stuffed,being completely filled
Soaking wet,extremely wet
Hotel chain,multiple properties on the same brand
Railing,a bar along the side of the stairs
Edge,the outer part or boundary to something
Ashtray,a small container used to hold an ash (cigarette ashes)
First things first,the most important things
Bullseye,the exact center of a target
Alley,small narrow street
Lanterns,light source enclosed in paper or glass
River front,right next to the river
Dazzling,extremely bright or extremely impressive
Ominous cloud,looks dark it’s going to rain
Pet a dog,touch a dog
Stuffed,can’t have another bit of food
In a rush,moving quickly b/c you don’t have time
Anchor,a heavy object that used to keep the boat moving
Slippery,something that’s smooth
